<?xml version="1.0" ?>

<container xmlns="http://symfony.com/schema/dic/services"
           xmlns:xsi="http://www.w3.org/2001/XMLSchema-instance"
           xsi:schemaLocation="http://symfony.com/schema/dic/services http://symfony.com/schema/dic/services/services-1.0.xsd">

    <services>
        <service id="SsikMetroLight\Core\Content\Product\SalesChannel\Listing\ProductListingSubscriber">
            <tag name="kernel.event_subscriber"/>
        </service>

        <service id="SsikMetroLight\Core\Content\Product\SalesChannel\CrossSelling\ProductCrossSellingSubscriber">
            <tag name="kernel.event_subscriber"/>
        </service>

        <service id="SsikMetroLight\Core\Content\Product\Cms\SsikMetroProductSliderCmsElementResolver">
            <argument type="service" id="Shopware\Core\Content\Product\Cms\ProductSliderCmsElementResolver"/>
            <tag name="shopware.cms.data_resolver" priority="-100"/>
        </service>

        <service id="SsikMetroLight\Core\Content\Product\Cms\SsikMetroProductBoxCmsElementResolver">
            <argument type="service" id="Shopware\Core\Content\Product\Cms\ProductBoxCmsElementResolver"/>
            <tag name="shopware.cms.data_resolver" priority="-200"/>
        </service>
    </services>
</container>
