<?xml version="1.0" ?>

<container xmlns="http://symfony.com/schema/dic/services"
           xmlns:xsi="http://www.w3.org/2001/XMLSchema-instance"
           xsi:schemaLocation="http://symfony.com/schema/dic/services http://symfony.com/schema/dic/services/services-1.0.xsd">

    <services>
        <service id="SsikMetroLight\Storefront\Controller\SsikSimpleLoginController" public="true">
            <argument type="service" id="Shopware\Core\Checkout\Customer\SalesChannel\SendPasswordRecoveryMailRoute"/>
            <argument type="service" id="Shopware\Core\Checkout\Customer\SalesChannel\LoginRoute"/>
            <argument type="service" id="Shopware\Storefront\Checkout\Cart\SalesChannel\StorefrontCartFacade"/>
            <argument type="service" id="Shopware\Core\System\SalesChannel\Context\SalesChannelContextService"/>
            <call method="setContainer">
                <argument type="service" id="service_container"/>
            </call>
        </service>
    </services>
</container>